,0
0,"b'{""error"":[],""result"":{""XXRPZUSD"":[[""0.38423000"",""3496.02738573"",1668143706.8396945,""s"",""l"",""""],[""0.38429000"",""190.99999999"",1668'"
1,"b'143717.8340373,""s"",""l"",""""],[""0.38441000"",""3114.00000000"",1668143761.9148264,""s"",""l"",""""],[""0.38414000"",""3584.17877722"",1668143780'"
2,"b'.0297947,""s"",""l"",""""],[""0.38414000"",""2262.32160447"",1668143780.1156893,""s"",""l"",""""],[""0.38382000"",""2225.26338278"",1668143781.65555'"
3,"b'52,""b"",""l"",""""],[""0.38382000"",""3746.53400103"",1668143781.7195065,""b"",""l"",""""],[""0.38423000"",""387.01541806"",1668143809.7182026,""s"",'"
4,"b'""l"",""""],[""0.38423000"",""4612.98458194"",1668143809.718294,""s"",""l"",""""],[""0.38436000"",""23.11574363"",1668143810.6371565,""b"",""l"",""""],['"
5,"b'""0.38441000"",""512.00000000"",1668143846.9831643,""s"",""l"",""""],[""0.38440000"",""22.92334469"",1668143846.9832354,""s"",""l"",""""],[""0.384380'"
6,"b'00"",""45.13165230"",1668143846.9833133,""s"",""l"",""""],[""0.38440000"",""22.92433896"",1668143853.8357487,""s"",""l"",""""],[""0.38410000"",""22.94'"
7,"b'099375"",1668143856.9778721,""s"",""l"",""""],[""0.38414000"",""4.68867000"",1668143898.5643408,""b"",""m"",""""],[""0.38414000"",""248.98732194"",16'"
8,"b'68143898.5644357,""b"",""m"",""""],[""0.38414000"",""258.32400806"",1668143898.5644872,""b"",""m"",""""],[""0.38416000"",""2878.41358404"",166814389'"
9,"b'8.5645714,""b"",""m"",""""],[""0.38416000"",""2973.89350063"",1668143898.5646431,""b"",""m"",""""],[""0.38417000"",""13.71291533"",1668143898.56471,'"
10,"b'""b"",""m"",""""],[""0.38489000"",""25.96862989"",1668143919.240412,""b"",""m"",""""],[""0.38524000"",""331.22072538"",1668143978.8352726,""b"",""l"",""""'"
11,"b'],[""0.38536000"",""1947.54609192"",1668143989.8229673,""b"",""l"",""""],[""0.38537000"",""2899.96362465"",1668143989.823086,""b"",""l"",""""],[""0.3'"
12,"b'8538000"",""128.69141000"",1668143989.8231351,""b"",""l"",""""],[""0.38538000"",""512.00000000"",1668143989.823204,""b"",""l"",""""],[""0.38538000"",'"
13,"b'""256.00000000"",1668143989.8232453,""b"",""l"",""""],[""0.38541000"",""538.14174491"",1668143989.8240504,""b"",""l"",""""],[""0.38541000"",""1024.00'"
14,"b'000000"",1668143989.824146,""b"",""l"",""""],[""0.38541000"",""2508.54748840"",1668143989.8241844,""b"",""l"",""""],[""0.38545000"",""17855.66735737'"
15,"b'"",1668143989.8242295,""b"",""l"",""""],[""0.38532000"",""1200.88029286"",1668144015.7304013,""b"",""l"",""""],[""0.38532000"",""871.65856724"",16681'"
16,"b'44015.7304819,""b"",""l"",""""],[""0.38525000"",""4534.33754923"",1668144052.9126086,""s"",""l"",""""],[""0.38525000"",""1016.60301017"",1668144053.'"
17,"b'022843,""s"",""l"",""""],[""0.38451000"",""23.11574363"",1668144065.2034404,""s"",""m"",""""],[""0.38451000"",""22.92334469"",1668144065.2035735,""s""'"
18,"b',""m"",""""],[""0.38451000"",""22.92433896"",1668144065.2036493,""s"",""m"",""""],[""0.38451000"",""22.94099375"",1668144065.2037377,""s"",""m"",""""],['"
19,"b'""0.38462000"",""401.17242042"",1668144125.7415063,""s"",""l"",""""],[""0.38448000"",""250.13326042"",1668144125.7415864,""s"",""l"",""""],[""0.38445'"
20,"b'000"",""524.89432416"",1668144125.7416477,""s"",""l"",""""],[""0.38450000"",""99.99999999"",1668144142.5238028,""s"",""l"",""""],[""0.38425000"",""256'"
21,"b'.00000000"",1668144187.8673036,""s"",""l"",""""],[""0.38425000"",""768.00000000"",1668144187.8673868,""s"",""l"",""""],[""0.38423000"",""94.93643545'"
22,"b'"",1668144187.8674288,""s"",""l"",""""],[""0.38419000"",""215.14919768"",1668144187.8675373,""s"",""l"",""""],[""0.38413000"",""1833.61436687"",16681'"
23,"b'44187.8676298,""s"",""l"",""""],[""0.38550000"",""457.38403694"",1668144283.924698,""b"",""l"",""""],[""0.38635000"",""56.00000000"",1668144427.8174'"
24,"b'78,""b"",""m"",""""],[""0.38706000"",""350.00000000"",1668144494.964295,""b"",""m"",""""],[""0.38710000"",""21.00000000"",1668144530.488659,""b"",""l"",'"
25,"b'""""],[""0.38690000"",""299.25186999"",1668144731.2884126,""b"",""l"",""""],[""0.38598000"",""757.38167641"",1668144792.9537015,""b"",""l"",""""],[""0.'"
26,"b'38610000"",""1419.78910550"",1668144838.5390346,""s"",""l"",""""],[""0.38600000"",""241.71089450"",1668144838.539162,""s"",""l"",""""],[""0.38674000'"
27,"b'"",""254.00000000"",1668144929.4904335,""s"",""m"",""""],[""0.38534000"",""15.39957155"",1668145050.7543392,""b"",""l"",""""],[""0.38550000"",""2441.4'"
28,"b'1597580"",1668145076.3537369,""b"",""l"",""""],[""0.38550000"",""12.66251621"",1668145080.9695005,""b"",""l"",""""],[""0.38598000"",""2363.23957153""'"
29,"b',1668145239.9705012,""s"",""l"",""""],[""0.38596000"",""985.73281500"",1668145324.9644196,""b"",""m"",""""],[""0.38600000"",""256.00000000"",1668145'"
30,"b'337.575881,""s"",""l"",""""],[""0.38600000"",""256.00000000"",1668145337.5759668,""s"",""l"",""""],[""0.38598000"",""731.95059000"",1668145337.57601'"
31,"b'95,""s"",""l"",""""],[""0.38761000"",""35.71376356"",1668145509.5344803,""b"",""l"",""""],[""0.38783000"",""41.42931997"",1668145509.8728082,""b"",""l""'"
32,"b',""""],[""0.38787000"",""64.34350000"",1668145509.9323077,""b"",""l"",""""],[""0.38838000"",""17.91910890"",1668145687.686223,""b"",""l"",""""],[""0.38'"
33,"b'870000"",""21.00000000"",1668145688.564193,""b"",""l"",""""],[""0.38947000"",""32.26552456"",1668145688.5642724,""b"",""l"",""""],[""0.38899000"",""10'"
34,"b'24.00000000"",1668145690.7851985,""s"",""l"",""""],[""0.38950000"",""3897.80572079"",1668145710.118072,""b"",""l"",""""],[""0.38893000"",""223.53016'"
35,"b'906"",1668145858.8047323,""s"",""m"",""""],[""0.38882000"",""1929.70719909"",1668145858.8049042,""s"",""m"",""""],[""0.38881000"",""1439.87854839"",1'"
36,"b'668145858.804982,""s"",""m"",""""],[""0.38881000"",""508.52964773"",1668145858.8050716,""s"",""m"",""""],[""0.38891000"",""350.00000000"",1668145887'"
37,"b'.9569273,""s"",""m"",""""],[""0.38954000"",""1652.49990000"",1668145949.0746107,""s"",""l"",""""],[""0.38967000"",""8.73436331"",1668146004.8056674,'"
38,"b'""b"",""m"",""""],[""0.38956000"",""1557.81960210"",1668146031.944209,""b"",""l"",""""],[""0.38956000"",""1742.18039789"",1668146129.4146256,""s"",""l""'"
39,"b',""""],[""0.38925000"",""4312.63611677"",1668146137.339658,""s"",""l"",""""],[""0.38925000"",""438.78995370"",1668146137.340393,""s"",""l"",""""],[""0.'"
40,"b'38910000"",""21.62665700"",1668146137.404797,""b"",""l"",""""],[""0.38870000"",""21.00000000"",1668146197.9516726,""s"",""l"",""""],[""0.38834000"",""'"
41,"b'660.59190300"",1668146202.2331367,""s"",""m"",""""],[""0.38849000"",""1252.61204082"",1668146304.097541,""s"",""l"",""""],[""0.38828000"",""3728.026'"
42,"b'93110"",1668146304.1316278,""s"",""l"",""""],[""0.38811000"",""1931.04868817"",1668146304.1318288,""s"",""l"",""""],[""0.38810000"",""239.10714996"",'"
43,"b'1668146304.131906,""s"",""l"",""""],[""0.38931000"",""7191.44936804"",1668146519.9657567,""b"",""m"",""""],[""0.38947000"",""7753.86948600"",1668146'"
44,"b'541.5389864,""b"",""m"",""""],[""0.38948000"",""256.00000000"",1668146541.5390687,""b"",""m"",""""],[""0.38948000"",""256.00000000"",1668146541.5391'"
45,"b'119,""b"",""m"",""""],[""0.38955000"",""253.45629567"",1668146541.5391462,""b"",""m"",""""],[""0.38955000"",""1101.56715324"",1668146541.5392249,""b""'"
46,"b',""m"",""""],[""0.38957000"",""1510.29571066"",1668146541.5392683,""b"",""m"",""""],[""0.38933000"",""2922.71391938"",1668146690.4121056,""s"",""l"",""'"
47,"b'""],[""0.38933000"",""3474.09341033"",1668146690.4729946,""s"",""l"",""""],[""0.38933000"",""768.00000000"",1668146690.4794552,""s"",""l"",""""],[""0.'"
48,"b'38933000"",""256.00000000"",1668146690.479584,""s"",""l"",""""],[""0.38933000"",""34.36294672"",1668146690.503227,""s"",""l"",""""],[""0.38933000"",""'"
49,"b'463.47822446"",1668146690.5108058,""s"",""l"",""""],[""0.38861000"",""1271.94440216"",1668146704.8314736,""b"",""l"",""""],[""0.38838000"",""162.000'"
50,"b'00000"",1668146893.587489,""b"",""m"",""""],[""0.38784000"",""121.83994000"",1668146976.9158711,""b"",""m"",""""],[""0.38754000"",""357.39456000"",16'"
51,"b'68147047.0785549,""b"",""m"",""""],[""0.38752000"",""121.83994000"",1668147117.221389,""b"",""m"",""""],[""0.38695000"",""375.94900000"",1668147183.'"
52,"b'6881504,""b"",""m"",""""],[""0.38693000"",""69.86136000"",1668147187.3143044,""b"",""m"",""""],[""0.38690000"",""793.00000000"",1668147203.2085972,""'"
53,"b'b"",""m"",""""],[""0.38700000"",""4240.00000000"",1668147211.529655,""s"",""l"",""""],[""0.38666000"",""220.21394000"",1668147257.3981993,""b"",""m"",""'"
54,"b'""],[""0.38658000"",""67.27306000"",1668147327.5221853,""b"",""m"",""""],[""0.38658000"",""507.44432000"",1668147341.3195317,""b"",""l"",""""],[""0.38'"
55,"b'653000"",""24.18124000"",1668147353.1339417,""b"",""l"",""""],[""0.38551000"",""76.28750000"",1668147381.5438483,""b"",""m"",""""],[""0.38563000"",""2'"
56,"b'4.37217000"",1668147382.6895573,""b"",""l"",""""],[""0.38549000"",""45.82485840"",1668147383.961223,""s"",""m"",""""],[""0.38528000"",""231.12796324'"
57,"b'"",1668147383.9613893,""s"",""m"",""""],[""0.38523000"",""7681.57128678"",1668147383.9614837,""s"",""m"",""""],[""0.38520000"",""2577.98935926"",1668'"
58,"b'147383.9615352,""s"",""m"",""""],[""0.38489000"",""256.00000000"",1668147422.6183844,""s"",""l"",""""],[""0.38489000"",""256.00000000"",1668147422.6'"
59,"b'18476,""s"",""l"",""""],[""0.38467000"",""928.11789473"",1668147458.0892851,""s"",""m"",""""],[""0.38405000"",""1024.00000000"",1668147502.9139762,""'"
60,"b's"",""l"",""""],[""0.38411000"",""1024.00000000"",1668147504.89328,""s"",""l"",""""],[""0.38473000"",""46.36030000"",1668147537.8939707,""s"",""m"",""""]'"
61,"b',[""0.38526000"",""5050.00000000"",1668147583.5190887,""s"",""l"",""""],[""0.38524000"",""1949.01379901"",1668147583.5192747,""s"",""l"",""""],[""0.3'"
62,"b'8523000"",""221.84998945"",1668147583.5193753,""s"",""l"",""""],[""0.38523000"",""2802.99964154"",1668147583.5194676,""s"",""l"",""""],[""0.38548000'"
63,"b'"",""355.08000000"",1668147593.179377,""b"",""m"",""""],[""0.38544000"",""323.63970000"",1668147607.9839191,""s"",""m"",""""],[""0.38452000"",""256.00'"
64,"b'000000"",1668147688.4159045,""b"",""m"",""""],[""0.38452000"",""256.00000000"",1668147688.41597,""b"",""m"",""""],[""0.38452000"",""92.49700001"",166'"
65,"b'8147688.4160085,""b"",""m"",""""],[""0.38401000"",""7728.05947478"",1668147793.2281895,""b"",""l"",""""],[""0.38402000"",""768.00000000"",1668147793'"
66,"b'.2283006,""b"",""l"",""""],[""0.38402000"",""256.00000000"",1668147793.2283676,""b"",""l"",""""],[""0.38403000"",""1024.00000000"",1668147793.228416'"
67,"b'4,""b"",""l"",""""],[""0.38403000"",""2564.13013522"",1668147793.2284474,""b"",""l"",""""],[""0.38377000"",""141.75607409"",1668147822.2626042,""b"",""'"
68,"b'l"",""""],[""0.38376000"",""35.95719599"",1668147833.4848697,""s"",""l"",""""],[""0.38348000"",""3834.94280401"",1668147833.4849536,""s"",""l"",""""],['"
69,"b'""0.38326000"",""184.24499200"",1668147866.6462462,""b"",""m"",""""],[""0.38379000"",""256.00000000"",1668147872.0994558,""s"",""l"",""""],[""0.38379'"
70,"b'000"",""256.00000000"",1668147872.09952,""s"",""l"",""""],[""0.38367000"",""20.97205473"",1668147872.5761132,""s"",""m"",""""],[""0.38377000"",""747.0'"
71,"b'2794527"",1668147875.2341886,""s"",""l"",""""],[""0.38377000"",""256.00000000"",1668147875.234267,""s"",""l"",""""],[""0.38376000"",""259.23486930"",'"
72,"b'1668147875.2345693,""s"",""l"",""""],[""0.38375000"",""1024.00000000"",1668147875.2346482,""s"",""l"",""""],[""0.38368000"",""2895.76654163"",166814'"
73,"b'7875.2346964,""s"",""l"",""""],[""0.38366000"",""1946.63621262"",1668147875.2348065,""s"",""l"",""""],[""0.38365000"",""254.21331725"",1668147875.23'"
74,"b'48664,""s"",""l"",""""],[""0.38364000"",""727.77677393"",1668147875.2349162,""s"",""l"",""""],[""0.38293000"",""383.85600000"",1668147971.5810926,""b'"
75,"b'"",""l"",""""],[""0.38293000"",""313.86300000"",1668147971.585223,""b"",""l"",""""],[""0.38293000"",""48.88416000"",1668148143.2001169,""b"",""l"",""""],'"
76,"b'[""0.38293000"",""4725.84070656"",1668148152.6874933,""b"",""l"",""""],[""0.38361000"",""5219.02809000"",1668148181.558946,""s"",""l"",""""],[""0.383'"
77,"b'70000"",""2820.61309000"",1668148184.1229951,""s"",""l"",""""],[""0.38257000"",""93.14584274"",1668148324.0462668,""b"",""m"",""""],[""0.38283000"",""'"
78,"b'256.00000000"",1668148387.3719985,""b"",""l"",""""],[""0.38283000"",""149.32602498"",1668148387.3720782,""b"",""l"",""""],[""0.38282000"",""405.3260'"
79,"b'2498"",1668148430.645367,""s"",""l"",""""],[""0.38273000"",""5049.99999502"",1668148430.6454258,""s"",""l"",""""],[""0.38280000"",""2948.30930000"",1'"
80,"b'668148433.2067456,""s"",""l"",""""],[""0.38315000"",""19574.32694741"",1668148438.2792099,""s"",""l"",""""],[""0.38313000"",""2971.12642449"",166814'"
81,"b'8438.279335,""s"",""l"",""""],[""0.38311000"",""874.32248810"",1668148438.2793808,""s"",""l"",""""],[""0.38317000"",""1175.40000000"",1668148483.674'"
82,"b'094,""s"",""l"",""""],[""0.38315000"",""2841.84038165"",1668148572.56974,""b"",""m"",""""],[""0.38316000"",""528.05213705"",1668148572.5698044,""b"",""'"
83,"b'm"",""""],[""0.38377000"",""52.20432800"",1668148623.4446268,""b"",""m"",""""],[""0.38401000"",""2717.54306606"",1668148632.8206322,""b"",""l"",""""],['"
84,"b'""0.38401000"",""3386.10643443"",1668148632.8577762,""b"",""l"",""""],[""0.38401000"",""591.87842322"",1668148632.891023,""b"",""l"",""""],[""0.38401'"
85,"b'000"",""6328.61386255"",1668148632.9140623,""b"",""l"",""""],[""0.38421000"",""41.61595409"",1668148633.1765501,""b"",""l"",""""],[""0.38474000"",""31'"
86,"b'60.76909868"",1668148634.881075,""b"",""m"",""""],[""0.38475000"",""459.79567200"",1668148634.8812766,""b"",""m"",""""],[""0.38475000"",""227.314717'"
87,"b'15"",1668148634.8813245,""b"",""m"",""""],[""0.38478000"",""152.12051217"",1668148634.8813767,""b"",""m"",""""],[""0.38478000"",""210.55346285"",1668'"
88,"b'148634.8814356,""b"",""m"",""""],[""0.38478000"",""405.32602498"",1668148634.8814657,""b"",""m"",""""],[""0.38478000"",""256.00000000"",1668148634.8'"
89,"b'815053,""b"",""m"",""""],[""0.38479000"",""1024.00000000"",1668148634.8815465,""b"",""m"",""""],[""0.38488000"",""3104.12051217"",1668148634.8815832'"
90,"b',""b"",""m"",""""],[""0.38505000"",""4000.00000000"",1668148646.1384428,""b"",""m"",""""],[""0.38505000"",""3628.61749628"",1668148646.1385727,""b"",""'"
91,"b'm"",""""],[""0.38515000"",""230.52953210"",1668148646.138642,""b"",""m"",""""],[""0.38517000"",""1140.85297162"",1668148646.138719,""b"",""m"",""""],[""'"
92,"b'0.38518000"",""4000.00000000"",1668148658.8535893,""b"",""m"",""""],[""0.38518000"",""5000.00000000"",1668148658.853725,""b"",""m"",""""],[""0.38455'"
93,"b'000"",""238.84256421"",1668148670.0309234,""b"",""m"",""""],[""0.38455000"",""3761.15743579"",1668148670.031035,""b"",""m"",""""],[""0.38455000"",""50'"
94,"b'00.00000000"",1668148670.0311615,""b"",""m"",""""],[""0.38487000"",""2893.50164628"",1668148680.0437737,""b"",""m"",""""],[""0.38487000"",""240.0683'"
95,"b'2050"",1668148680.0438569,""b"",""m"",""""],[""0.38488000"",""866.43003322"",1668148680.0439177,""b"",""m"",""""],[""0.38488000"",""5000.00000000"",1'"
96,"b'668148680.0439925,""b"",""m"",""""],[""0.38446000"",""591.87842322"",1668148696.8933394,""s"",""l"",""""],[""0.38446000"",""3137.65577144"",16681486'"
97,"b'96.9171915,""s"",""l"",""""],[""0.38446000"",""4187.73766233"",1668148696.9248402,""s"",""l"",""""],[""0.38456000"",""39.30967000"",1668148743.59146'"
98,"b'2,""s"",""l"",""""],[""0.38468000"",""439.00000000"",1668148766.9427295,""b"",""m"",""""],[""0.38493000"",""1475.80903233"",1668148856.8136308,""s"",""'"
99,"b'l"",""""],[""0.38493000"",""3115.13211000"",1668148856.8500922,""s"",""l"",""""],[""0.38457000"",""8.72730000"",1668148884.7626297,""b"",""m"",""""],[""'"
100,"b'0.38456000"",""0.00000383"",1668148894.9505274,""s"",""l"",""""],[""0.38423000"",""5062.32290437"",1668148895.4135566,""s"",""l"",""""],[""0.3835000'"
101,"b'0"",""150.00000000"",1668148905.435389,""s"",""l"",""""],[""0.38351000"",""47.50407000"",1668148943.6475947,""s"",""l"",""""],[""0.38351000"",""0.0000'"
102,"b'0647"",1668148968.1815522,""s"",""l"",""""],[""0.38310000"",""4928.03324000"",1668148978.2890863,""s"",""l"",""""],[""0.38310000"",""256.00000000"",1'"
103,"b'668148980.365036,""s"",""l"",""""],[""0.38310000"",""768.00000000"",1668148980.3651233,""s"",""l"",""""],[""0.38312000"",""256.00000000"",1668148989'"
104,"b'.906731,""s"",""l"",""""],[""0.38312000"",""768.00000000"",1668148989.906809,""s"",""l"",""""],[""0.38304000"",""512.00000000"",1668148989.9068604,""'"
105,"b's"",""l"",""""],[""0.38302000"",""257.70682786"",1668148989.9069164,""s"",""l"",""""],[""0.38297000"",""2607.35796417"",1668148989.9069772,""s"",""l"",'"
106,"b'""""],[""0.38296000"",""2945.36800047"",1668148989.9070199,""s"",""l"",""""],[""0.38294000"",""42.28572805"",1668148989.9070675,""s"",""l"",""""],[""0.'"
107,"b'38294000"",""5050.00000000"",1668148989.9071078,""s"",""l"",""""],[""0.38292000"",""255.53406945"",1668148989.9071608,""s"",""l"",""""],[""0.3832500'"
108,"b'0"",""1700.00000000"",1668148994.6479993,""b"",""m"",""""],[""0.38431000"",""6000.00000000"",1668149031.3754642,""b"",""l"",""""],[""0.38431000"",""24'"
109,"b'1.75012339"",1668149031.3862088,""b"",""l"",""""],[""0.38431000"",""591.87842322"",1668149031.423568,""b"",""l"",""""],[""0.38430000"",""361.5353581'"
110,"b'2"",1668149043.6438255,""s"",""m"",""""],[""0.38508000"",""134.85650000"",1668149221.7077787,""b"",""l"",""""],[""0.38547000"",""11.78178210"",166814'"
111,"b'9485.1826112,""s"",""m"",""""],[""0.38523000"",""5050.00000000"",1668149575.0536745,""s"",""l"",""""],[""0.38521000"",""61.70000000"",1668149575.053'"
112,"b'7653,""s"",""l"",""""],[""0.38545000"",""86.29420158"",1668149909.5265284,""b"",""l"",""""],[""0.38500000"",""42.41364000"",1668150030.384878,""s"",""l'"
113,"b'"",""""],[""0.38500000"",""0.00000499"",1668150050.235495,""s"",""l"",""""],[""0.38480000"",""3765.49675013"",1668150050.2412882,""s"",""l"",""""],[""0.'"
114,"b'38480000"",""4168.31866997"",1668150050.2420855,""s"",""l"",""""],[""0.38278000"",""46.12587060"",1668150142.0247457,""s"",""l"",""""],[""0.38310000'"
115,"b'"",""99.73861000"",1668150187.697386,""b"",""l"",""""],[""0.38368000"",""41.71004172"",1668150227.3776438,""b"",""m"",""""],[""0.38379000"",""3958.309'"
116,"b'95828"",1668150227.3777165,""b"",""m"",""""],[""0.38446000"",""43.00000000"",1668150430.9841685,""s"",""l"",""""],[""0.38388000"",""47.42185057"",166'"
117,"b'8150549.8743987,""b"",""l"",""""],[""0.38363000"",""36.50024023"",1668150589.5661237,""b"",""l"",""""],[""0.38341000"",""27.00462709"",1668150598.62'"
118,"b'97634,""b"",""l"",""""],[""0.38531000"",""52.67514442"",1668150789.5716114,""b"",""l"",""""],[""0.38674000"",""45.96183444"",1668150884.2595234,""b"",'"
119,"b'""l"",""""],[""0.38761000"",""35.95719599"",1668150967.4154508,""b"",""l"",""""],[""0.38878000"",""42.52441509"",1668150979.7382648,""b"",""l"",""""],[""'"
120,"b'0.38893000"",""4957.47558491"",1668150979.7383213,""b"",""l"",""""],[""0.38847000"",""2694.16724600"",1668151089.8086238,""s"",""l"",""""],[""0.3877'"
121,"b'2000"",""911.05846153"",1668151241.4516544,""b"",""m"",""""],[""0.38772000"",""20.63344681"",1668151241.7099473,""b"",""m"",""""],[""0.38776000"",""82'"
122,"b'.46207467"",1668151249.853591,""s"",""m"",""""],[""0.38773000"",""784.54962533"",1668151249.853674,""s"",""m"",""""],[""0.38785000"",""4019.61262659'"
123,"b'"",1668151283.7046058,""b"",""l"",""""],[""0.38785000"",""4003.40711156"",1668151283.8093033,""b"",""l"",""""],[""0.38785000"",""4003.40711156"",1668'"
124,"b'151283.9773624,""b"",""l"",""""],[""0.38785000"",""4003.40711156"",1668151284.158157,""b"",""l"",""""],[""0.38824000"",""192.67140000"",1668151293.9'"
125,"b'148679,""b"",""m"",""""],[""0.38711000"",""227.48694916"",1668151556.5890026,""b"",""m"",""""],[""0.38712000"",""67.63088786"",1668151556.589105,""b""'"
126,"b',""m"",""""],[""0.38700000"",""5.00000000"",1668151574.7100062,""s"",""m"",""""],[""0.38742000"",""1937.13355890"",1668151673.5589337,""b"",""l"",""""],'"
127,"b'[""0.38743000"",""1280.06868209"",1668151673.559123,""b"",""l"",""""],[""0.38716000"",""62.83454000"",1668151756.181876,""b"",""l"",""""],[""0.386920'"
128,"b'00"",""38.73451680"",1668151807.1102312,""s"",""l"",""""],[""0.38662000"",""6000.00000000"",1668151807.296795,""s"",""l"",""""],[""0.38681000"",""67.6'"
129,"b'3088786"",1668151840.125299,""s"",""l"",""""],[""0.38677000"",""632.36911214"",1668151840.1253874,""s"",""l"",""""],[""0.38693000"",""3000.00000000""'"
130,"b',1668151875.3226392,""b"",""l"",""""],[""0.38693000"",""3000.00000000"",1668151877.7470582,""b"",""l"",""""],[""0.38693000"",""2581.23447432"",16681'"
131,"b'51878.4398627,""b"",""l"",""""],[""0.38693000"",""2705.78891269"",1668151878.667788,""b"",""l"",""""],[""0.38693000"",""2705.78891269"",1668151878.7'"
132,"b'708144,""b"",""l"",""""],[""0.38693000"",""2705.78891269"",1668151878.9541593,""b"",""l"",""""],[""0.38693000"",""2705.78891269"",1668151879.065532,'"
133,"b'""b"",""l"",""""],[""0.38693000"",""3396.43387173"",1668151879.219282,""b"",""l"",""""],[""0.38693000"",""7705.97712320"",1668151879.2264752,""b"",""l""'"
134,"b',""""],[""0.38693000"",""3740.29413424"",1668151879.2484949,""b"",""l"",""""],[""0.38693000"",""591.87842322"",1668151879.3474884,""b"",""l"",""""],[""'"
135,"b'0.38693000"",""7705.97712320"",1668151879.3662457,""b"",""l"",""""],[""0.38693000"",""3396.43387173"",1668151879.36713,""b"",""l"",""""],[""0.386930'"
136,"b'00"",""328.71750000"",1668151879.3787322,""b"",""l"",""""],[""0.38693000"",""3729.89782760"",1668151879.5207849,""b"",""l"",""""],[""0.38732000"",""82'"
137,"b'41.96216859"",1668151939.3834548,""b"",""l"",""""],[""0.38733000"",""512.00000000"",1668151939.3835392,""b"",""l"",""""],[""0.38733000"",""105.90703'"
138,"b'747"",1668151939.383576,""b"",""l"",""""],[""0.38733000"",""512.00000000"",1668151939.3836067,""b"",""l"",""""],[""0.38733000"",""82.46207467"",16681'"
139,"b'51939.3836343,""b"",""l"",""""],[""0.38733000"",""67.63088786"",1668151939.38366,""b"",""l"",""""],[""0.38733000"",""256.00000000"",1668151939.38369'"
140,"b'92,""b"",""l"",""""],[""0.38739000"",""3166.16132071"",1668151939.3837328,""b"",""l"",""""],[""0.38741000"",""2759.11888882"",1668151939.3837788,""b""'"
141,"b',""l"",""""],[""0.38742000"",""1938.98655635"",1668151939.3838205,""b"",""l"",""""],[""0.38743000"",""239.06510310"",1668151939.3838997,""b"",""l"",""""'"
142,"b'],[""0.38747000"",""3000.00000000"",1668151939.38396,""b"",""l"",""""],[""0.38748000"",""19356.31505064"",1668151939.3840084,""b"",""l"",""""],[""0.3'"
143,"b'8751000"",""6407.32395487"",1668151971.695875,""s"",""l"",""""],[""0.38751000"",""1217.37559869"",1668151971.696382,""s"",""l"",""""],[""0.38750000""'"
144,"b',""7660.57889090"",1668151971.745597,""s"",""l"",""""],[""0.38750000"",""5207.57353780"",1668151971.796769,""s"",""l"",""""],[""0.38750000"",""4904.2'"
145,"b'3792444"",1668151971.7973232,""s"",""l"",""""],[""0.38750000"",""4904.23792444"",1668151971.986871,""s"",""l"",""""],[""0.38750000"",""5207.57353780'"
146,"b'"",1668151971.9903932,""s"",""l"",""""],[""0.38750000"",""2188.22083834"",1668151972.0104392,""s"",""l"",""""],[""0.38629000"",""10.00000000"",166815'"
147,"b'2051.1062663,""s"",""l"",""""],[""0.38625000"",""431.00590000"",1668152094.459981,""s"",""m"",""""],[""0.38583000"",""39.20021038"",1668152154.49119'"
148,"b'45,""s"",""l"",""""],[""0.38583000"",""1434.26132353"",1668152154.4916027,""s"",""l"",""""],[""0.38583000"",""920.70866000"",1668152174.9904966,""s"",'"
149,"b'""l"",""""],[""0.38583000"",""0.00000661"",1668152179.6210506,""s"",""l"",""""],[""0.38580000"",""3670.58426351"",1668152252.8081002,""b"",""l"",""""],['"
150,"b'""0.38580000"",""2823.92822991"",1668152253.0991836,""b"",""l"",""""],[""0.38580000"",""5201.43540615"",1668152253.1000571,""b"",""l"",""""],[""0.385'"
151,"b'80000"",""2823.92822991"",1668152253.2417676,""b"",""l"",""""],[""0.38580000"",""5201.43540615"",1668152253.2614791,""b"",""l"",""""],[""0.38580000""'"
152,"b',""2815.73107373"",1668152253.3836975,""b"",""l"",""""],[""0.38580000"",""5191.59906492"",1668152253.403435,""b"",""l"",""""],[""0.38580000"",""2815.'"
153,"b'73107373"",1668152253.4867437,""b"",""l"",""""],[""0.38580000"",""5191.59906492"",1668152253.5068002,""b"",""l"",""""],[""0.38580000"",""4672.581388'"
154,"b'80"",1668152253.8446248,""b"",""l"",""""],[""0.38580000"",""4672.58138880"",1668152253.9592507,""b"",""l"",""""],[""0.38580000"",""4672.58138880"",16'"
155,"b'68152254.0600793,""b"",""l"",""""],[""0.38580000"",""25796.99325679"",1668152260.5597706,""b"",""l"",""""],[""0.38580000"",""4223.78080553"",1668152'"
156,"b'269.410127,""b"",""l"",""""],[""0.38580000"",""3000.00000000"",1668152271.7454941,""b"",""l"",""""],[""0.38580000"",""6617.84974131"",1668152272.075'"
157,"b'5994,""b"",""l"",""""],[""0.38580000"",""5344.90755044"",1668152272.0790186,""b"",""l"",""""],[""0.38580000"",""8225.91989768"",1668152272.1831214,""'"
158,"b'b"",""l"",""""],[""0.38580000"",""5344.90755044"",1668152272.1836667,""b"",""l"",""""],[""0.38580000"",""2199.25443771"",1668152272.2078538,""b"",""l""'"
159,"b',""""],[""0.38580000"",""5733.08737031"",1668152272.3256233,""b"",""l"",""""],[""0.38580000"",""8691.72403048"",1668152272.3263655,""b"",""l"",""""],['"
160,"b'""0.38580000"",""4864.04951561"",1668152272.4869404,""b"",""l"",""""],[""0.38708000"",""47.96548213"",1668152323.449372,""s"",""l"",""""],[""0.386590'"
161,"b'00"",""215.50290000"",1668152350.3175414,""s"",""m"",""""],[""0.38750000"",""107.75150000"",1668152460.5380096,""s"",""m"",""""],[""0.38886000"",""132'"
162,"b'.10026557"",1668152532.6301336,""s"",""l"",""""],[""0.38886000"",""1624.66523659"",1668152533.156046,""s"",""l"",""""],[""0.38886000"",""365.6102075'"
163,"b'0"",1668152533.457401,""s"",""l"",""""],[""0.38840000"",""34.17391000"",1668152564.3120732,""s"",""l"",""""],[""0.38840000"",""0.00000571"",166815256'"
164,"b'8.4517727,""s"",""l"",""""],[""0.38813000"",""3739.93177059"",1668152569.4319377,""s"",""l"",""""],[""0.38812000"",""62.71943000"",1668152785.557098'"
165,"b',""b"",""l"",""""],[""0.38950000"",""256.00000000"",1668152887.2569017,""b"",""l"",""""],[""0.38950000"",""768.00000000"",1668152887.257041,""b"",""l"",'"
166,"b'""""],[""0.38950000"",""2889.16849785"",1668152887.2602155,""b"",""l"",""""],[""0.38980000"",""768.00000000"",1668152910.2250688,""b"",""m"",""""],[""0'"
167,"b'.38980000"",""256.00000000"",1668152910.225191,""b"",""m"",""""],[""0.38980000"",""1024.00000000"",1668152910.2252343,""b"",""m"",""""],[""0.3898000'"
168,"b'0"",""227.25700797"",1668152910.225282,""b"",""m"",""""],[""0.38984000"",""3150.00494442"",1668152910.2253668,""b"",""m"",""""],[""0.38979000"",""591.'"
169,"b'87842322"",1668152916.606273,""s"",""l"",""""],[""0.38979000"",""1739.16668000"",1668152917.2525413,""s"",""l"",""""],[""0.38979000"",""0.00000131"",'"
170,"b'1668152917.2576497,""s"",""l"",""""],[""0.38950000"",""1733.34070167"",1668152918.1879532,""s"",""l"",""""],[""0.38950000"",""591.87842322"",1668152'"
171,"b'918.2267609,""s"",""l"",""""],[""0.38950000"",""1524.07558230"",1668152918.2669735,""s"",""l"",""""],[""0.38840000"",""44.93859568"",1668152939.1831'"
172,"b'93,""s"",""l"",""""],[""0.38842000"",""256.00000000"",1668152954.2193553,""s"",""m"",""""],[""0.38842000"",""256.00000000"",1668152954.2194273,""s"",""'"
173,"b'm"",""""],[""0.38841000"",""768.00000000"",1668152954.2194808,""s"",""m"",""""],[""0.38841000"",""256.00000000"",1668152954.2195337,""s"",""m"",""""],['"
174,"b'""0.38837000"",""227.88762425"",1668152954.2195852,""s"",""m"",""""],[""0.38837000"",""3661.37432814"",1668152954.2196715,""s"",""m"",""""],[""0.3894'"
175,"b'8000"",""256.00000000"",1668153044.2325432,""b"",""m"",""""],[""0.38948000"",""256.00000000"",1668153044.2326226,""b"",""m"",""""],[""0.38950000"",""1'"
176,"b'024.00000000"",1668153044.2326672,""b"",""m"",""""],[""0.38952000"",""215.19980698"",1668153044.2327218,""b"",""m"",""""],[""0.38957000"",""2967.172'"
177,"b'49316"",1668153044.2328072,""b"",""m"",""""],[""0.38958000"",""505.62287415"",1668153044.2328439,""b"",""m"",""""],[""0.38838000"",""594.21236932"",1'"
178,"b'668153282.25428,""b"",""l"",""""],[""0.38908000"",""256.00000000"",1668153489.1823668,""s"",""m"",""""],[""0.38908000"",""256.00000000"",1668153489.'"
179,"b'1824398,""s"",""m"",""""],[""0.38908000"",""1560.53886010"",1668153489.1824775,""s"",""m"",""""],[""0.38909000"",""500.00000000"",1668153491.108548,'"
180,"b'""b"",""m"",""""],[""0.38909000"",""499.99999999"",1668153511.8891735,""b"",""l"",""""],[""0.38906000"",""7940.75868933"",1668153657.7815208,""b"",""m""'"
181,"b',""""],[""0.38907000"",""512.00000000"",1668153657.781624,""b"",""m"",""""],[""0.38910000"",""5050.00000000"",1668153657.7816787,""b"",""m"",""""],[""0'"
182,"b'.38917000"",""1795.08958887"",1668153657.781744,""b"",""m"",""""],[""0.38921000"",""2000.00000000"",1668153657.7818491,""b"",""m"",""""],[""0.389220'"
183,"b'00"",""2702.15172180"",1668153657.7819045,""b"",""m"",""""],[""0.38824000"",""512.00000000"",1668153720.3963976,""s"",""l"",""""],[""0.38822000"",""79'"
184,"b'43.31256021"",1668153720.3964632,""s"",""l"",""""],[""0.38821000"",""248.13469499"",1668153720.3965306,""s"",""l"",""""],[""0.38821000"",""1928.5659'"
185,"b'1838"",1668153720.3966887,""s"",""l"",""""],[""0.38818000"",""2287.88346724"",1668153720.3967588,""s"",""l"",""""],[""0.38924000"",""159.16489716"",1'"
186,"b'668153780.4748676,""b"",""l"",""""],[""0.39000000"",""1310.89547198"",1668153868.5482044,""b"",""l"",""""],[""0.39000000"",""591.87842322"",16681538'"
187,"b'72.1158767,""b"",""l"",""""],[""0.39000000"",""2848.07602591"",1668153872.387444,""b"",""l"",""""],[""0.39000000"",""3806.60879040"",1668153872.6715'"
188,"b'224,""b"",""l"",""""],[""0.39000000"",""256.00000000"",1668153872.6879408,""b"",""l"",""""],[""0.39000000"",""512.00000000"",1668153872.6880178,""b"",'"
189,"b'""l"",""""],[""0.39000000"",""159.16489716"",1668153872.6880617,""b"",""l"",""""],[""0.39000000"",""96.83510284"",1668153872.688119,""b"",""l"",""""],[""'"
190,"b'0.39000000"",""5006.36790561"",1668153872.689519,""b"",""l"",""""],[""0.39000000"",""2257.71763908"",1668153872.712191,""b"",""l"",""""],[""0.390000'"
191,"b'00"",""2710.95860923"",1668153872.7127838,""b"",""l"",""""],[""0.39000000"",""8378.07708717"",1668153872.77133,""b"",""l"",""""],[""0.39000000"",""500'"
192,"b'6.36790561"",1668153872.790449,""b"",""l"",""""],[""0.39000000"",""8378.07708717"",1668153872.9401145,""b"",""l"",""""],[""0.39000000"",""5006.36790'"
193,"b'561"",1668153872.9418447,""b"",""l"",""""],[""0.39000000"",""1783.96696000"",1668153872.9846232,""b"",""l"",""""],[""0.39000000"",""6890.64018901"",1'"
194,"b'668153872.9849725,""b"",""l"",""""],[""0.39000000"",""10000.00000000"",1668153872.9850318,""b"",""l"",""""],[""0.39000000"",""109.35981099"",1668153'"
195,"b'872.9853053,""b"",""l"",""""],[""0.39000000"",""531.66583000"",1668153873.0080674,""b"",""l"",""""],[""0.39070000"",""148.94243953"",1668153898.9782'"
196,"b'152,""b"",""l"",""""],[""0.39070000"",""381.91070388"",1668153899.3787878,""b"",""l"",""""],[""0.39074000"",""42.43718169"",1668153899.3793192,""b"",""'"
197,"b'l"",""""],[""0.39086000"",""1925.34784617"",1668153910.5958068,""s"",""l"",""""],[""0.39029000"",""7992.80101669"",1668153915.4623432,""s"",""l"",""""]'"
198,"b',[""0.38951000"",""239.07417122"",1668153925.540834,""b"",""l"",""""],[""0.38895000"",""96.83510284"",1668153996.7017376,""b"",""l"",""""],[""0.38895'"
199,"b'000"",""250.80321852"",1668153996.7018132,""b"",""l"",""""],[""0.38907000"",""508.68581020"",1668154149.4296103,""b"",""m"",""""],[""0.38907000"",""12'"
200,"b'68.81010987"",1668154149.429724,""b"",""m"",""""],[""0.38865000"",""232.43459264"",1668154200.0575812,""b"",""l"",""""],[""0.38922000"",""591.878423'"
201,"b'22"",1668154212.042052,""b"",""l"",""""],[""0.38922000"",""6000.00000000"",1668154212.2138834,""b"",""l"",""""],[""0.38922000"",""2050.01056504"",166'"
202,"b'8154212.232218,""b"",""l"",""""],[""0.38995000"",""147.84680000"",1668154226.1797194,""b"",""m"",""""],[""0.38993000"",""37.13068000"",1668154251.33'"
203,"b'32849,""b"",""l"",""""],[""0.38882000"",""32.12157723"",1668154424.16731,""b"",""l"",""""],[""0.38899000"",""28.67382809"",1668154432.8032696,""b"",""l'"
204,"b'"",""""],[""0.38934000"",""7.24270080"",1668154567.1136017,""s"",""l"",""""],[""0.38991000"",""1913.85784065"",1668154611.3963544,""b"",""l"",""""],[""0'"
205,"b'.38991000"",""45.69855613"",1668154611.3964708,""b"",""l"",""""],[""0.38992000"",""121.00128789"",1668154611.3965163,""b"",""l"",""""],[""0.38992000'"
206,"b'"",""2764.62755743"",1668154642.8047955,""s"",""m"",""""],[""0.38989000"",""3060.40867682"",1668154642.8049831,""s"",""m"",""""],[""0.38987000"",""250'"
207,"b'.80321852"",1668154642.8050215,""s"",""m"",""""],[""0.38987000"",""256.00000000"",1668154642.8050747,""s"",""m"",""""],[""0.38985000"",""5050.000000'"
208,"b'00"",1668154642.805123,""s"",""m"",""""],[""0.38980000"",""2560.85225162"",1668154642.8051665,""s"",""m"",""""],[""0.38979000"",""1926.38635604"",166'"
209,"b'8154642.8052816,""s"",""m"",""""],[""0.38975000"",""4130.92193957"",1668154642.8053427,""s"",""m"",""""],[""0.38986000"",""5050.00000000"",166815474'"
210,"b'0.8355563,""s"",""l"",""""],[""0.38984000"",""2787.16265051"",1668154740.835723,""s"",""l"",""""],[""0.38984000"",""1024.00000000"",1668154740.83577'"
211,"b'06,""s"",""l"",""""],[""0.38981000"",""4286.20068547"",1668154740.8358305,""s"",""l"",""""],[""0.38993000"",""21.39758654"",1668154772.667013,""b"",""l'"
212,"b'"",""""],[""0.39000000"",""13.40030346"",1668154772.6670752,""b"",""l"",""""],[""0.38999000"",""21.00586135"",1668154804.7246196,""b"",""m"",""""],[""0.'"
213,"b'39000000"",""6.67826177"",1668154804.7246945,""b"",""m"",""""],[""0.39004000"",""2875.14280587"",1668154804.7247293,""b"",""m"",""""],[""0.38949000""'"
214,"b',""14.50652502"",1668154861.8379729,""b"",""l"",""""],[""0.38932000"",""1429.67606000"",1668154864.5999787,""s"",""l"",""""],[""0.38949000"",""14.642'"
215,"b'62000"",1668154895.405195,""b"",""l"",""""],[""0.38905000"",""50.00000000"",1668155019.0004687,""s"",""m"",""""],[""0.38905000"",""50.00000000"",1668'"
216,"b'155038.0596075,""s"",""m"",""""],[""0.38905000"",""6232.87453617"",1668155051.863603,""s"",""l"",""""],[""0.38905000"",""5050.00000000"",1668155051.'"
217,"b'8636959,""s"",""l"",""""],[""0.38905000"",""2710.97635876"",1668155051.8637512,""s"",""l"",""""],[""0.38905000"",""3165.75783560"",1668155051.863786'"
218,"b',""s"",""l"",""""],[""0.38905000"",""629.95553302"",1668155051.8639026,""s"",""l"",""""],[""0.38905000"",""151.73574107"",1668155051.864,""s"",""l"",""""]'"
219,"b',[""0.38905000"",""4384.57641533"",1668155051.8640802,""s"",""l"",""""],[""0.38905000"",""27.34906132"",1668155051.8641353,""s"",""l"",""""],[""0.389'"
220,"b'05000"",""28871.56367422"",1668155051.864192,""s"",""l"",""""],[""0.38905000"",""17965.77510806"",1668155051.8642466,""s"",""l"",""""],[""0.38905000'"
221,"b'"",""2566.35635141"",1668155051.8643107,""s"",""l"",""""],[""0.38905000"",""213.32575774"",1668155051.8643594,""s"",""l"",""""],[""0.38905000"",""1668'"
222,"b'8.48896237"",1668155051.8644261,""s"",""l"",""""],[""0.38904000"",""17208.00394000"",1668155051.8644934,""s"",""l"",""""],[""0.38902000"",""8077.774'"
223,"b'82479"",1668155051.864841,""s"",""l"",""""],[""0.38902000"",""4793.22517521"",1668155051.864914,""s"",""l"",""""],[""0.38901000"",""19279.44137235"",'"
224,"b'1668155051.8649747,""s"",""l"",""""],[""0.38895000"",""12855.01371468"",1668155051.865078,""s"",""l"",""""],[""0.38895000"",""21993.45893874"",16681'"
225,"b'55051.8652794,""s"",""l"",""""],[""0.38906000"",""21.68846717"",1668155055.8200126,""b"",""l"",""""],[""0.38949000"",""0.78979878"",1668155108.83944'"
226,"b'06,""b"",""l"",""""],[""0.38949000"",""9.29871213"",1668155108.8395157,""b"",""l"",""""],[""0.38948000"",""62.10408749"",1668155111.4984262,""s"",""l"",'"
227,"b'""""],[""0.39059000"",""42.40474727"",1668155179.7403693,""b"",""l"",""""],[""0.39090000"",""25.79173705"",1668155183.241833,""s"",""l"",""""],[""0.391'"
228,"b'20000"",""450.71749884"",1668155206.1695006,""b"",""l"",""""],[""0.39120000"",""241.49347498"",1668155206.1695642,""b"",""l"",""""],[""0.39120000"",""'"
229,"b'256.00000000"",1668155206.1696038,""b"",""l"",""""],[""0.39121000"",""768.00000000"",1668155206.169645,""b"",""l"",""""],[""0.39121000"",""256.00000'"
230,"b'000"",1668155206.1696858,""b"",""l"",""""],[""0.39124000"",""1027.78902618"",1668155206.1697295,""b"",""l"",""""],[""0.39148000"",""39.04543194"",166'"
231,"b'8155227.3025007,""b"",""l"",""""],[""0.39184000"",""18.81506434"",1668155230.1570902,""b"",""l"",""""],[""0.39209000"",""42.25789866"",1668155230.15'"
232,"b'79373,""b"",""m"",""""],[""0.39229000"",""1957.74210134"",1668155230.1583176,""b"",""m"",""""],[""0.39291000"",""33.46824000"",1668155285.2133493,""b'"
233,"b'"",""l"",""""],[""0.39291000"",""0.00000286"",1668155287.4128516,""b"",""l"",""""],[""0.39213000"",""44.61469910"",1668155351.480057,""s"",""l"",""""],[""'"
234,"b'0.39203000"",""21.08675532"",1668155360.3731256,""b"",""l"",""""],[""0.39184000"",""18.17804092"",1668155386.4443238,""s"",""m"",""""],[""0.39116000'"
235,"b'"",""21.13203118"",1668155412.7522733,""b"",""l"",""""],[""0.39149000"",""25.00000000"",1668155446.89159,""s"",""m"",""""],[""0.39087000"",""661.49569'"
236,"b'202"",1668155540.7541807,""s"",""m"",""""],[""0.39086000"",""338.50430798"",1668155540.7542725,""s"",""m"",""""],[""0.39113000"",""43.17804092"",1668'"
237,"b'155552.1107478,""b"",""l"",""""],[""0.39116000"",""2817.35299202"",1668155552.1108296,""b"",""l"",""""],[""0.39117000"",""1024.00000000"",1668155552'"
238,"b'.1108794,""b"",""l"",""""],[""0.39119000"",""7633.50215081"",1668155552.110933,""b"",""l"",""""],[""0.39127000"",""235.07619431"",1668155552.1110241'"
239,"b',""b"",""l"",""""],[""0.39128000"",""1015.02136760"",1668155552.1111007,""b"",""l"",""""],[""0.39044000"",""439.05721749"",1668155582.8169703,""b"",""l'"
240,"b'"",""""],[""0.39066000"",""21.35548747"",1668155666.2951486,""b"",""l"",""""],[""0.39069000"",""31.94788529"",1668155666.295215,""b"",""l"",""""],[""0.3'"
241,"b'9069000"",""2266.20481724"",1668155666.2952447,""b"",""l"",""""],[""0.39083000"",""21.86334000"",1668155773.2327201,""b"",""l"",""""],[""0.39083000""'"
242,"b',""0.00000015"",1668155776.3193202,""b"",""l"",""""],[""0.39151000"",""11.91103066"",1668155778.3361893,""b"",""l"",""""],[""0.39151000"",""22.175300'"
243,"b'00"",1668155778.3725638,""b"",""l"",""""],[""0.39151000"",""0.00000233"",1668155778.530203,""b"",""l"",""""],[""0.39222000"",""27.57823819"",16681558'"
244,"b'12.5239782,""b"",""l"",""""],[""0.39230000"",""1897.87526181"",1668155812.5240529,""b"",""l"",""""],[""0.39228000"",""1390.82729000"",1668155823.969'"
245,"b'965,""b"",""l"",""""],[""0.39228000"",""1000.00000000"",1668155823.999502,""b"",""l"",""""],[""0.39228000"",""1000.00000000"",1668155824.0000005,""b""'"
246,"b',""l"",""""],[""0.39228000"",""2449.50817000"",1668155824.004438,""b"",""l"",""""],[""0.39228000"",""2000.00000000"",1668155824.0228753,""b"",""l"",""""'"
247,"b'],[""0.39266000"",""295.11783702"",1668155829.937269,""s"",""m"",""""],[""0.39269000"",""36.91573551"",1668155851.5335784,""b"",""l"",""""],[""0.3937'"
248,"b'0000"",""24.02057000"",1668156040.3916504,""b"",""l"",""""],[""0.39370000"",""0.00000382"",1668156040.5013402,""b"",""l"",""""],[""0.39390000"",""20.9'"
249,"b'9999618"",1668156040.502153,""b"",""l"",""""],[""0.39388000"",""34.15085925"",1668156072.5318916,""b"",""l"",""""],[""0.39390000"",""0.00000382"",166'"
250,"b'8156072.5320916,""b"",""l"",""""],[""0.39415000"",""109.78054040"",1668156115.819697,""b"",""m"",""""],[""0.39390000"",""640.60792100"",1668156151.6'"
251,"b'041772,""s"",""m"",""""],[""0.39392000"",""1906.35752463"",1668156165.3370185,""s"",""l"",""""],[""0.39392000"",""1521.29146231"",1668156166.5328968'"
252,"b',""s"",""l"",""""],[""0.39392000"",""4563.87438686"",1668156170.7676566,""s"",""l"",""""],[""0.39390000"",""531.29600000"",1668156172.1351361,""s"",""l'"
253,"b'"",""""],[""0.39390000"",""591.87842322"",1668156172.1771624,""s"",""l"",""""],[""0.39390000"",""4644.20615011"",1668156172.5447376,""s"",""l"",""""],['"
254,"b'""0.39390000"",""3751.33897383"",1668156172.5687637,""s"",""l"",""""],[""0.39390000"",""463.57400000"",1668156172.6005137,""s"",""l"",""""],[""0.3939'"
255,"b'0000"",""2109.78843990"",1668156172.6706374,""s"",""l"",""""],[""0.39317000"",""4340.00000000"",1668156172.7017884,""s"",""l"",""""],[""0.39297000"",'"
256,"b'""216.19866497"",1668156177.7162282,""b"",""l"",""""],[""0.39300000"",""581.71133503"",1668156177.71633,""b"",""l"",""""],[""0.39309000"",""2886.2191'"
257,"b'3115"",1668156210.8771577,""s"",""l"",""""],[""0.39309000"",""689.05373058"",1668156211.099589,""s"",""l"",""""],[""0.39309000"",""1157.80574490"",16'"
258,"b'68156211.1563823,""s"",""l"",""""],[""0.39309000"",""2265.47143038"",1668156211.162151,""s"",""l"",""""],[""0.39309000"",""186.18393809"",1668156211'"
259,"b'.283358,""s"",""l"",""""],[""0.39294000"",""45.36322875"",1668156212.1637378,""s"",""l"",""""],[""0.39381000"",""250.31377483"",1668156323.188239,""b'"
260,"b'"",""l"",""""],[""0.39373000"",""1000.00000000"",1668156396.6011126,""b"",""l"",""""],[""0.39373000"",""1000.00000000"",1668156396.6025968,""b"",""l"",'"
261,"b'""""],[""0.39373000"",""1000.00000000"",1668156396.6313646,""b"",""l"",""""],[""0.39400000"",""249.33164000"",1668156457.160731,""b"",""l"",""""],[""0.'"
262,"b'39419000"",""2531.64556962"",1668156636.7055619,""b"",""l"",""""],[""0.39398000"",""2538.19990862"",1668156791.4657495,""b"",""m"",""""],[""0.393900'"
263,"b'00"",""8.68066417"",1668156793.7426014,""s"",""l"",""""],[""0.39391000"",""53.53217086"",1668156795.5744474,""b"",""m"",""""],[""0.39390000"",""3785.2'"
264,"b'1307630"",1668156801.2622983,""s"",""l"",""""],[""0.39327000"",""111.88242174"",1668156874.4879465,""b"",""m"",""""],[""0.39396000"",""317.47644324""'"
265,"b',1668156907.1126277,""b"",""m"",""""],[""0.39396000"",""3000.00000000"",1668156917.7875423,""b"",""l"",""""],[""0.39396000"",""1000.00000000"",16681'"
266,"b'56917.7948635,""b"",""l"",""""],[""0.39409000"",""41.22893270"",1668156918.4944534,""b"",""l"",""""],[""0.39419000"",""591.87842322"",1668156918.537'"
267,"b'6897,""b"",""l"",""""],[""0.39419000"",""383.41890596"",1668156918.5977416,""b"",""l"",""""],[""0.39419000"",""171.59302638"",1668156918.602058,""b"",'"
268,"b'""l"",""""],[""0.39419000"",""43.17804092"",1668156918.6021461,""b"",""l"",""""],[""0.39419000"",""768.00000000"",1668156918.602198,""b"",""l"",""""],[""'"
269,"b'0.39419000"",""3749.99999999"",1668156918.6140885,""b"",""l"",""""],[""0.39419000"",""463.57400000"",1668156918.884187,""b"",""l"",""""],[""0.394190'"
270,"b'00"",""2203.44778520"",1668156918.8970978,""b"",""l"",""""],[""0.39469000"",""5770.10490391"",1668156925.5130029,""s"",""l"",""""],[""0.39421000"",""2'"
271,"b'5.00000000"",1668156957.4509418,""s"",""m"",""""],[""0.39493000"",""231.00000000"",1668157013.4586873,""s"",""l"",""""],[""0.39493000"",""793.000000'"
272,"b'00"",1668157013.458784,""s"",""l"",""""],[""0.39493000"",""487.00000000"",1668157013.4588401,""s"",""l"",""""],[""0.39486000"",""552.03708344"",16681'"
273,"b'57013.4588828,""s"",""l"",""""],[""0.39519000"",""138.23254049"",1668157026.6398394,""b"",""m"",""""],[""0.39519000"",""2965.81043094"",1668157026.6'"
274,"b'403673,""b"",""m"",""""],[""0.39520000"",""34.18956906"",1668157026.6407325,""b"",""m"",""""],[""0.39520000"",""3000.00000000"",1668157026.6407964,""'"
275,"b'b"",""m"",""""],[""0.39520000"",""2581.23447432"",1668157026.6408477,""b"",""m"",""""],[""0.39520000"",""1985.74907377"",1668157026.6409147,""b"",""m""'"
276,"b',""""],[""0.39528000"",""720.03983892"",1668157026.6409667,""b"",""m"",""""],[""0.39528000"",""1869.89986404"",1668157026.6410155,""b"",""m"",""""],[""'"
277,"b'0.39530000"",""835.88904865"",1668157026.641053,""b"",""m"",""""],[""0.39530000"",""2281.16862165"",1668157026.6410916,""b"",""m"",""""],[""0.395310'"
278,"b'00"",""19.75581756"",1668157026.641519,""b"",""m"",""""],[""0.39531000"",""404.86447348"",1668157026.6415699,""b"",""m"",""""],[""0.39531000"",""2595.'"
279,"b'13552652"",1668157026.6416314,""b"",""m"",""""],[""0.39531000"",""110.65338617"",1668157026.6416752,""b"",""m"",""""],[""0.39531000"",""3396.4338717'"
280,"b'3"",1668157026.6417303,""b"",""m"",""""],[""0.39531000"",""1542.91274210"",1668157026.6417913,""b"",""m"",""""],[""0.39538000"",""2896.95756111"",166'"
281,"b'8157026.64186,""b"",""m"",""""],[""0.39539000"",""3266.10681999"",1668157026.641909,""b"",""m"",""""],[""0.39539000"",""3740.29413424"",1668157026.6'"
282,"b'420937,""b"",""m"",""""],[""0.39539000"",""591.87842322"",1668157026.6422434,""b"",""m"",""""],[""0.39539000"",""7705.97712320"",1668157026.6424024,'"
283,"b'""b"",""m"",""""],[""0.39539000"",""3396.43387173"",1668157026.642538,""b"",""m"",""""],[""0.39539000"",""268.14975272"",1668157026.6426725,""b"",""m"",'"
284,"b'""""],[""0.39539000"",""60.56774728"",1668157026.642752,""b"",""m"",""""],[""0.39539000"",""1843.27547757"",1668157026.6428628,""b"",""m"",""""],[""0.3'"
285,"b'9540000"",""36.13210196"",1668157026.6434286,""b"",""m"",""""],[""0.39543000"",""228.34072841"",1668157026.6434858,""b"",""m"",""""],[""0.39547000"",'"
286,"b'""1622.14951966"",1668157026.6435547,""b"",""m"",""""],[""0.39417000"",""1072.83356285"",1668157192.2590415,""s"",""l"",""""],[""0.39417000"",""5974.'"
287,"b'87616834"",1668157196.2046733,""s"",""l"",""""],[""0.39417000"",""117.99302229"",1668157196.3165789,""s"",""l"",""""],[""0.39416000"",""2305.2011145'"
288,"b'1"",1668157196.3169127,""s"",""l"",""""],[""0.39379000"",""28.00000000"",1668157224.2041354,""s"",""l"",""""],[""0.39192000"",""15.00000000"",1668157'"
289,"b'418.1823123,""s"",""m"",""""],[""0.39147000"",""36.37862791"",1668157743.5489748,""s"",""l"",""""],[""0.39131000"",""119.76675209"",1668157743.54917'"
290,"b'74,""s"",""l"",""""],[""0.39101000"",""252.32668085"",1668157765.766218,""s"",""l"",""""],[""0.39093000"",""2588.44340694"",1668157765.7663364,""s"",""'"
291,"b'l"",""""],[""0.39099000"",""2802.15228626"",1668157776.7295346,""s"",""l"",""""],[""0.39089000"",""2776.48434068"",1668157790.80913,""s"",""l"",""""],['"
292,"b'""0.39088000"",""2610.78122001"",1668157790.8092763,""s"",""l"",""""],[""0.39089000"",""2924.65548836"",1668157794.7702339,""s"",""l"",""""],[""0.390'"
293,"b'88000"",""13651.95651593"",1668157794.770317,""s"",""l"",""""],[""0.39093000"",""2129.79547156"",1668157803.3658621,""s"",""l"",""""],[""0.39092000""'"
294,"b',""17057.76193028"",1668157803.3659487,""s"",""l"",""""],[""0.39092000"",""2127.39968371"",1668157805.8850136,""s"",""l"",""""],[""0.39082000"",""219'"
295,"b'9.20533629"",1668157805.8851268,""s"",""l"",""""],[""0.39083000"",""2286.19145155"",1668157811.9272184,""s"",""l"",""""],[""0.39083000"",""10507.274'"
296,"b'95454"",1668157811.9272854,""s"",""l"",""""],[""0.39052000"",""19.02000000"",1668157968.3659363,""b"",""m"",""""],[""0.39040000"",""630.24020560"",16'"
297,"b'68158083.0103586,""s"",""l"",""""],[""0.39040000"",""1200.68308992"",1668158083.173445,""s"",""l"",""""],[""0.39000000"",""20.63344681"",1668158083.'"
298,"b'5126052,""s"",""m"",""""],[""0.39000000"",""2965.94568650"",1668158083.5133243,""s"",""m"",""""],[""0.38980000"",""2614.99865164"",1668158083.513699'"
299,"b'5,""s"",""m"",""""],[""0.38979000"",""1922.14049565"",1668158083.5138276,""s"",""m"",""""],[""0.38978000"",""5265.04591187"",1668158083.513902,""s"",""'"
300,"b'm"",""""],[""0.38978000"",""11053.67408813"",1668158083.5145516,""s"",""m"",""""],[""0.38978000"",""1846.32591187"",1668158083.5146587,""s"",""m"",""""'"
301,"b'],[""0.38998000"",""125.60973000"",1668158087.1658843,""b"",""l"",""""],[""0.38984000"",""100.00000000"",1668158153.8155115,""b"",""m"",""""],[""0.38'"
302,"b'920000"",""7.76285526"",1668158249.4786727,""s"",""m"",""""],[""0.38885000"",""11.43346764"",1668158263.5049906,""b"",""l"",""""],[""0.38855000"",""48'"
303,"b'.10529000"",1668158345.756523,""b"",""l"",""""],[""0.38873000"",""195.59902200"",1668158412.0197058,""b"",""m"",""""],[""0.38830000"",""7924.3417932'"
304,"b'3"",1668158482.989234,""b"",""l"",""""],[""0.38830000"",""398.51285377"",1668158482.9915287,""b"",""l"",""""],[""0.38912000"",""783.12063115"",166815'"
305,"b'8579.0459766,""s"",""l"",""""],[""0.38932000"",""8986.92091840"",1668158611.651837,""b"",""l"",""""],[""0.38921000"",""2341.20529505"",1668158639.54'"
306,"b'2235,""b"",""m"",""""],[""0.38923000"",""452.46124236"",1668158639.5424323,""b"",""m"",""""],[""0.38924000"",""2847.64350741"",1668158639.542477,""b""'"
307,"b',""m"",""""],[""0.38926000"",""36.06342656"",1668158639.542518,""b"",""m"",""""],[""0.38903000"",""512.00000000"",1668158673.2605414,""s"",""m"",""""],['"
308,"b'""0.38900000"",""771.37175666"",1668158673.2607543,""s"",""m"",""""],[""0.39027000"",""6599.13128988"",1668158764.2273176,""b"",""l"",""""],[""0.3902'"
309,"b'7000"",""1101.99654889"",1668158764.2296543,""b"",""l"",""""],[""0.39040000"",""696.00000000"",1668158866.5325794,""b"",""m"",""""],[""0.39063000"",""'"
310,"b'156.23246571"",1668159012.2118683,""s"",""l"",""""],[""0.39063000"",""271.39697723"",1668159022.6583583,""s"",""l"",""""],[""0.39063000"",""2052.071'"
311,"b'94309"",1668159029.4372857,""s"",""l"",""""],[""0.39063000"",""463.57400000"",1668159029.4971492,""s"",""l"",""""],[""0.39063000"",""591.87842322"",1'"
312,"b'668159029.9915526,""s"",""l"",""""],[""0.39063000"",""3744.50370383"",1668159030.4188209,""s"",""l"",""""],[""0.39063000"",""433.21000339"",16681590'"
313,"b'30.5184796,""s"",""l"",""""],[""0.39142000"",""62.31850000"",1668159321.319826,""b"",""l"",""""],[""0.39107000"",""1047.71294140"",1668159495.790362'"
314,"b'8,""s"",""l"",""""],[""0.39100000"",""1488.80733403"",1668159497.2736237,""s"",""l"",""""],[""0.39100000"",""5202.23041265"",1668159520.40732,""s"",""l'"
315,"b'"",""""],[""0.39100000"",""1273.74038521"",1668159520.4089034,""s"",""l"",""""],[""0.39038000"",""116.67654700"",1668159560.2092438,""b"",""m"",""""],['"
316,"b'""0.39021000"",""837.55062395"",1668159674.2890973,""s"",""l"",""""],[""0.39021000"",""1580.89116199"",1668159685.790585,""s"",""l"",""""],[""0.38957'"
317,"b'000"",""45.79613485"",1668159711.3790576,""s"",""l"",""""],[""0.39020000"",""2895.86211491"",1668159775.5723715,""s"",""m"",""""],[""0.39019000"",""80'"
318,"b'2.32957428"",1668159775.5725849,""s"",""m"",""""],[""0.39018000"",""178.99504700"",1668159775.5726593,""s"",""m"",""""],[""0.39016000"",""79.6920551'"
319,"b'9"",1668159775.5727024,""s"",""m"",""""],[""0.39039000"",""2825.19002155"",1668159890.9826121,""b"",""l"",""""],[""0.39039000"",""2612.10544279"",166'"
320,"b'8159891.084024,""b"",""l"",""""],[""0.39039000"",""4907.34249865"",1668159891.0846808,""b"",""l"",""""],[""0.39039000"",""2964.36203701"",1668159891'"
321,"b'.1083925,""b"",""l"",""""],[""0.39066000"",""247.80134587"",1668159903.0941088,""b"",""m"",""""],[""0.39070000"",""98.19865413"",1668159903.0942056,'"
322,"b'""b"",""m"",""""],[""0.38967000"",""250.00000000"",1668160025.0244164,""b"",""m"",""""],[""0.39068000"",""794.45966007"",1668160209.2249744,""b"",""l"",'"
323,"b'""""],[""0.39030000"",""3.80629887"",1668160226.5469549,""b"",""m"",""""],[""0.39030000"",""487.00000000"",1668160226.5470219,""b"",""m"",""""],[""0.39'"
324,"b'030000"",""21.19370113"",1668160226.5470607,""b"",""m"",""""],[""0.39033000"",""769.00673789"",1668160226.547103,""b"",""m"",""""],[""0.39016000"",""3'"
325,"b'14.04064997"",1668160507.255184,""b"",""l"",""""],[""0.39028000"",""28.86528786"",1668160649.256897,""b"",""l"",""""],[""0.39019000"",""1921.2049797'"
326,"b'6"",1668160657.68815,""b"",""m"",""""],[""0.39020000"",""8088.37915723"",1668160657.688261,""b"",""m"",""""],[""0.39025000"",""490.80629887"",1668160'"
327,"b'657.688334,""b"",""m"",""""],[""0.39025000"",""178.99504700"",1668160657.6883795,""b"",""m"",""""],[""0.39025000"",""256.00000000"",1668160657.68842'"
328,"b'98,""b"",""m"",""""],[""0.39025000"",""1024.00000000"",1668160657.688471,""b"",""m"",""""],[""0.39028000"",""511.88089645"",1668160657.6885092,""b"",""'"
329,"b'm"",""""],[""0.39029000"",""928.73362069"",1668160657.6885571,""b"",""m"",""""],[""0.39104000"",""62.54934000"",1668160937.0321903,""b"",""l"",""""],[""'"
330,"b'0.39164000"",""5253.49010977"",1668161105.295872,""s"",""l"",""""],[""0.39164000"",""2305.51606761"",1668161105.4264584,""s"",""l"",""""],[""0.39082'"
331,"b'000"",""794.90430377"",1668161131.930417,""b"",""l"",""""],[""0.39054000"",""101.79984000"",1668161154.7838426,""s"",""l"",""""],[""0.38999000"",""403'"
332,"b'.58000000"",1668161254.3325813,""b"",""l"",""""],[""0.38997000"",""3513.97227942"",1668161318.274211,""s"",""l"",""""],[""0.38997000"",""3378.096814'"
333,"b'67"",1668161318.4362297,""s"",""l"",""""],[""0.38997000"",""3378.09681467"",1668161318.5365665,""s"",""l"",""""],[""0.38997000"",""1349.79049670"",16'"
334,"b'68161318.6533425,""s"",""l"",""""],[""0.38959000"",""280.65392000"",1668161325.1465993,""b"",""l"",""""],[""0.39060000"",""98.31956249"",1668161420.'"
335,"b'0949478,""b"",""m"",""""],[""0.38997000"",""1896.73254000"",1668161599.5145295,""b"",""l"",""""],[""0.38970000"",""154.20016000"",1668161638.6499674'"
336,"b',""s"",""m"",""""],[""0.38970000"",""357.79984000"",1668161638.6500418,""s"",""m"",""""],[""0.38965000"",""222.74328642"",1668161638.6500928,""s"",""m""'"
337,"b',""""],[""0.38965000"",""1923.57014619"",1668161638.6502292,""s"",""m"",""""],[""0.38961000"",""1571.31311705"",1668161638.6502948,""s"",""m"",""""],['"
338,"b'""0.38942000"",""6604.69492675"",1668161644.5994573,""s"",""m"",""""],[""0.38950000"",""922.20016000"",1668161663.3249302,""s"",""m"",""""],[""0.3895'"
339,"b'4000"",""666.20016000"",1668161670.412157,""s"",""m"",""""],[""0.38954000"",""199.36885007"",1668161670.4122212,""s"",""m"",""""],[""0.38973000"",""36'"
340,"b'1.55732000"",1668161686.6519058,""b"",""l"",""""],[""0.38976000"",""143.10910846"",1668161705.1488385,""s"",""l"",""""],[""0.38970000"",""1489.76574'"
341,"b'883"",1668161767.2062411,""s"",""l"",""""],[""0.38970000"",""375.53486490"",1668161767.9103112,""s"",""l"",""""],[""0.38970000"",""9874.49923230"",16'"
342,"b'68161768.1555176,""s"",""l"",""""],[""0.38791000"",""45.73213908"",1668161910.760259,""s"",""l"",""""],[""0.38760000"",""39.31071804"",1668161912.38'"
343,"b'53698,""s"",""l"",""""],[""0.38755000"",""1515.80223009"",1668161912.4744027,""s"",""l"",""""],[""0.38755000"",""2103.30680728"",1668161912.4755125,'"
344,"b'""s"",""l"",""""],[""0.38755000"",""304.91887138"",1668161912.8673694,""s"",""l"",""""],[""0.38845000"",""83.69971000"",1668162004.3818045,""b"",""l"",""'"
345,"b'""],[""0.38851000"",""299.25186999"",1668162171.69117,""b"",""l"",""""],[""0.38826000"",""2862.17306061"",1668162209.1457741,""s"",""l"",""""],[""0.38'"
346,"b'777000"",""911.05846000"",1668162291.8064082,""s"",""m"",""""],[""0.38841000"",""5050.00000000"",1668162313.442099,""s"",""m"",""""],[""0.38840000"",'"
347,"b'""590.92895271"",1668162313.4422734,""s"",""m"",""""],[""0.38839000"",""687.75700532"",1668162313.442344,""s"",""m"",""""],[""0.38811000"",""111.8824'"
348,"b'2174"",1668162436.1787548,""s"",""m"",""""],[""0.38756000"",""4.49328000"",1668162508.5371716,""s"",""l"",""""],[""0.38799000"",""2729.74441771"",166'"
349,"b'8162638.0307205,""s"",""m"",""""],[""0.38798000"",""5270.25558229"",1668162638.0308075,""s"",""m"",""""],[""0.38798000"",""500.00000000"",1668162638'"
350,"b'.030914,""s"",""m"",""""],[""0.38798000"",""500.00000000"",1668162638.0309863,""s"",""m"",""""],[""0.38830000"",""2764.39972445"",1668162656.0325828'"
351,"b',""s"",""m"",""""],[""0.38829000"",""5735.60027555"",1668162656.0327175,""s"",""m"",""""],[""0.38849000"",""62.86697000"",1668162911.0710735,""b"",""l""'"
352,"b',""""],[""0.38718000"",""500.00000000"",1668163123.3328135,""b"",""m"",""""],[""0.38712000"",""83.69971000"",1668163133.2097359,""s"",""m"",""""],[""0.'"
353,"b'38712000"",""1097.30029000"",1668163133.209805,""s"",""m"",""""],[""0.38759000"",""628.48617176"",1668163164.3152022,""b"",""m"",""""],[""0.38763000'"
354,"b'"",""299.25186998"",1668163263.576908,""s"",""l"",""""],[""0.38750000"",""209.55042037"",1668163297.5356066,""s"",""l"",""""],[""0.38843000"",""5430.5'"
355,"b'1515073"",1668163454.974681,""s"",""l"",""""],[""0.38843000"",""220.11947342"",1668163455.0981672,""s"",""l"",""""],[""0.38843000"",""785.53148042"",'"
356,"b'1668163455.163747,""s"",""l"",""""],[""0.38832000"",""293.23695643"",1668163456.2808273,""s"",""l"",""""],[""0.38832000"",""49.75072902"",1668163456'"
357,"b'.9349806,""s"",""l"",""""],[""0.38832000"",""889.47583833"",1668163457.0544195,""s"",""l"",""""],[""0.38832000"",""3749.99999999"",1668163457.615577'"
358,"b',""s"",""l"",""""],[""0.38894000"",""922.20016000"",1668163524.0793045,""s"",""l"",""""],[""0.38894000"",""158.43098993"",1668163524.079372,""s"",""l"",'"
359,"b'""""],[""0.38884000"",""230.28589494"",1668163541.1678064,""s"",""l"",""""],[""0.38883000"",""878.00944506"",1668163541.167929,""s"",""l"",""""],[""0.3'"
360,"b'8738000"",""46.00734990"",1668163679.151192,""s"",""l"",""""],[""0.38718000"",""35.87506000"",1668163778.3612428,""s"",""l"",""""],[""0.38718000"",""0'"
361,"b'.00000510"",1668163778.3868344,""s"",""l"",""""],[""0.38690000"",""1599.39012462"",1668163780.1587255,""s"",""l"",""""],[""0.38690000"",""753.114438'"
362,"b'83"",1668163780.1600227,""s"",""l"",""""],[""0.38690000"",""2637.91798195"",1668163787.4136424,""s"",""l"",""""],[""0.38690000"",""37.81949805"",1668'"
363,"b'163787.413815,""s"",""l"",""""],[""0.38690000"",""0.00000349"",1668163787.8106358,""s"",""l"",""""],[""0.38667000"",""241.69784097"",1668164093.3495'"
364,"b'69,""b"",""l"",""""],[""0.38667000"",""115.66914007"",1668164093.3496475,""b"",""l"",""""],[""0.38667000"",""83.69971000"",1668164093.3496897,""b"",""l'"
365,"b'"",""""],[""0.38667000"",""312.63114993"",1668164093.3497143,""b"",""l"",""""],[""0.38668000"",""41.25814627"",1668164093.3497496,""b"",""l"",""""],[""0'"
366,"b'.38646000"",""50.96708800"",1668164101.81216,""s"",""m"",""""],[""0.38767000"",""54.11635407"",1668164163.737715,""b"",""l"",""""],[""0.38686000"",""1'"
367,"b'71.00000000"",1668164205.539645,""s"",""l"",""""],[""0.38706000"",""26.46263000"",1668164222.8466349,""b"",""l"",""""],[""0.38678000"",""299.2518699'"
368,"b'9"",1668164256.4732537,""b"",""l"",""""],[""0.38694000"",""627.51997095"",1668164394.191037,""b"",""m"",""""],[""0.38746000"",""121.60643000"",166816'"
369,"b'4437.2358413,""b"",""l"",""""],[""0.38733000"",""19.00000000"",1668164676.9819682,""s"",""l"",""""],[""0.38743000"",""11.00000000"",1668164683.17429'"
370,"b'78,""s"",""l"",""""],[""0.38765000"",""459.06906000"",1668164804.7169843,""s"",""m"",""""],[""0.38764000"",""1723.43094000"",1668164804.71706,""s"",""m'"
371,"b'"",""""],[""0.38931000"",""461.49995007"",1668164960.0986683,""b"",""m"",""""],[""0.38931000"",""50.50004993"",1668164960.0987346,""b"",""m"",""""],[""0'"
372,"b'.38936000"",""107.93094000"",1668164960.0987756,""b"",""m"",""""],[""0.38936000"",""171.00000000"",1668164960.0988088,""b"",""m"",""""],[""0.3893600'"
373,"b'0"",""19.00000000"",1668164960.0988414,""b"",""m"",""""],[""0.38936000"",""11.00000000"",1668164960.0988708,""b"",""m"",""""],[""0.38936000"",""459.06'"
374,"b'906000"",1668164960.098903,""b"",""m"",""""],[""0.38936000"",""4.05968309"",1668164960.0989532,""b"",""m"",""""],[""0.38936000"",""62.62730000"",1668'"
375,"b'164961.0548263,""b"",""l"",""""],[""0.38955000"",""7.48862000"",1668164970.096633,""s"",""l"",""""],[""0.39000000"",""463.57400000"",1668165045.2543'"
376,"b'95,""b"",""l"",""""],[""0.39000000"",""1036.42600000"",1668165075.0241241,""b"",""l"",""""],[""0.39112000"",""377.38067000"",1668165147.0352116,""b"",'"
377,"b'""l"",""""],[""0.39134000"",""189.31301691"",1668165152.1580634,""b"",""m"",""""],[""0.39141000"",""110.68698309"",1668165152.1581333,""b"",""m"",""""],'"
378,"b'[""0.39072000"",""436.25143172"",1668165199.412354,""s"",""m"",""""],[""0.39071000"",""622.34892086"",1668165320.0727694,""b"",""m"",""""],[""0.39071'"
379,"b'000"",""20.47554452"",1668165320.3376038,""b"",""m"",""""],[""0.38967000"",""1600.49277000"",1668165397.6132128,""s"",""l"",""""],[""0.39009000"",""10'"
380,"b'00.00000000"",1668165507.4880457,""s"",""l"",""""],[""0.39048000"",""126.15520000"",1668165535.4419217,""b"",""l"",""""],[""0.39048000"",""2467.5352'"
381,"b'1397"",1668165637.175319,""b"",""m"",""""],[""0.39009000"",""4.05968309"",1668165668.5112035,""s"",""l"",""""],[""0.39009000"",""62.62730000"",166816'"
382,"b'5668.51129,""s"",""l"",""""],[""0.39009000"",""189.31301691"",1668165668.5113192,""s"",""l"",""""],[""0.39009000"",""256.00000000"",1668165668.51136'"
383,"b'14,""s"",""l"",""""],[""0.39006000"",""432.63321000"",1668165668.5114121,""s"",""l"",""""],[""0.38962000"",""962.43855000"",1668165781.641392,""s"",""m'"
384,"b'"",""""],[""0.38976000"",""794.43298438"",1668165786.0641148,""b"",""l"",""""],[""0.38929000"",""624.80491329"",1668166171.2136953,""b"",""m"",""""],[""'"
385,"b'0.38927000"",""39.93607996"",1668166304.3349123,""s"",""l"",""""],[""0.38899000"",""299.25186800"",1668166311.9310431,""s"",""l"",""""],[""0.3910400'"
386,"b'0"",""3344.77421792"",1668166565.0505583,""s"",""m"",""""],[""0.39062000"",""43.95491677"",1668166708.5162323,""s"",""l"",""""],[""0.38981000"",""26.3'"
387,"b'8144000"",1668166725.5372336,""b"",""l"",""""],[""0.38847000"",""2338.90566128"",1668166782.4100723,""b"",""l"",""""],[""0.38858000"",""16.00000000""'"
388,"b',1668166803.70636,""b"",""l"",""""],[""0.38840000"",""256.00000000"",1668166806.194156,""b"",""l"",""""],[""0.38840000"",""256.00000000"",1668166806'"
389,"b'.1942341,""b"",""l"",""""],[""0.38843000"",""1024.00000000"",1668166806.1942925,""b"",""l"",""""],[""0.38847000"",""8277.62656606"",1668166806.19434'"
390,"b'71,""b"",""l"",""""],[""0.38849000"",""1921.15576730"",1668166806.194406,""b"",""l"",""""],[""0.38855000"",""4000.00000000"",1668166806.1944883,""b"",'"
391,"b'""l"",""""],[""0.38856000"",""2985.64301272"",1668166806.194547,""b"",""l"",""""],[""0.38856000"",""236.79052322"",1668166806.1945875,""b"",""l"",""""],'"
392,"b'[""0.38857000"",""2935.96389028"",1668166806.1946635,""b"",""l"",""""],[""0.38857000"",""3440.00991042"",1668166806.194706,""b"",""l"",""""],[""0.388'"
393,"b'24000"",""548.23156994"",1668166811.4559038,""s"",""l"",""""],[""0.38824000"",""7162.64245806"",1668166831.7637455,""s"",""l"",""""],[""0.38805000"",'"
394,"b'""3047.29966337"",1668166831.763844,""s"",""l"",""""],[""0.38803000"",""254.20770077"",1668166831.7639008,""s"",""l"",""""],[""0.38802000"",""43.1193'"
395,"b'7780"",1668166831.763982,""s"",""l"",""""],[""0.38888000"",""963.86460654"",1668166934.8831162,""s"",""l"",""""],[""0.38888000"",""1372.63526821"",16'"
396,"b'68166961.2779994,""s"",""l"",""""],[""0.38871000"",""3183.08341762"",1668166975.6307776,""s"",""l"",""""],[""0.38818000"",""1814.00000000"",16681671'"
397,"b'35.0391488,""b"",""m"",""""],[""0.38793000"",""2342.22171858"",1668167165.185249,""s"",""l"",""""],[""0.38712000"",""256.00000000"",1668167186.32453'"
398,"b'04,""s"",""l"",""""],[""0.38712000"",""43.25186800"",1668167186.3245976,""s"",""l"",""""],[""0.38712000"",""99.91421099"",1668167191.4081342,""s"",""l""'"
399,"b',""""],[""0.38727000"",""2246.33816447"",1668167272.8597143,""s"",""l"",""""],[""0.38717000"",""36.35612848"",1668167349.79295,""s"",""l"",""""],[""0.3'"
400,"b'8693000"",""1.14387152"",1668167349.7930355,""s"",""l"",""""],[""0.38693000"",""2955.66302810"",1668167664.4606574,""s"",""l"",""""],[""0.38691000"",'"
401,"b'""5050.00000000"",1668167664.4607303,""s"",""l"",""""],[""0.38691000"",""8947.99880998"",1668167722.527914,""b"",""l"",""""],[""0.38716000"",""16670.'"
402,"b'51240209"",1668167722.5279715,""b"",""l"",""""],[""0.38729000"",""2972.21469498"",1668167722.528042,""b"",""l"",""""],[""0.38731000"",""2861.1229737'"
403,"b'6"",1668167722.5280795,""b"",""l"",""""],[""0.38736000"",""4000.00000000"",1668167722.5281122,""b"",""l"",""""],[""0.38737000"",""252.20100447"",1668'"
404,"b'167722.5281541,""b"",""l"",""""],[""0.38738000"",""5050.00000000"",1668167722.5282168,""b"",""l"",""""],[""0.38742000"",""1930.20382952"",1668167722'"
405,"b'.5282679,""b"",""l"",""""],[""0.38745000"",""610.79921107"",1668167722.5283353,""b"",""l"",""""],[""0.38746000"",""255.94132280"",1668167722.52837,""'"
406,"b'b"",""l"",""""],[""0.38746000"",""19357.12883589"",1668167722.528492,""b"",""l"",""""],[""0.38754000"",""5600.27800000"",1668167722.5285723,""b"",""l""'"
407,"b',""""],[""0.38759000"",""5020.33922544"",1668167722.5286324,""b"",""l"",""""],[""0.38816000"",""656.45320900"",1668167905.4907246,""s"",""m"",""""],[""'"
408,"b'0.38829000"",""212.74813200"",1668167921.0379276,""s"",""l"",""""],[""0.38827000"",""2775.03090658"",1668167921.0380132,""s"",""l"",""""],[""0.38826'"
409,"b'000"",""3106.26821439"",1668167921.0380666,""s"",""l"",""""],[""0.38823000"",""240.65745635"",1668167921.038244,""s"",""l"",""""],[""0.38820000"",""15'"
410,"b'7.74416485"",1668167921.038321,""s"",""l"",""""],[""0.38825000"",""19.41517000"",1668167937.6225507,""s"",""l"",""""],[""0.38833000"",""25.00000000""'"
411,"b',1668167961.6430976,""s"",""l"",""""],[""0.38810000"",""47.00000000"",1668168002.846489,""b"",""m"",""""],[""0.38751000"",""2319.70748148"",16681680'"
412,"b'61.766333,""b"",""l"",""""],[""0.38732000"",""200.00000000"",1668168067.858229,""s"",""m"",""""],[""0.38846000"",""36.21837321"",1668168138.0148056,'"
413,"b'""b"",""l"",""""],[""0.38951000"",""524.78416000"",1668168195.543213,""s"",""l"",""""],[""0.38977000"",""465.00000000"",1668168297.6169438,""b"",""l"",""'"
414,"b'""],[""0.38977000"",""1861.64726130"",1668168297.617021,""b"",""l"",""""],[""0.38976000"",""2333.05457251"",1668168305.7703855,""s"",""l"",""""],[""0.'"
415,"b'38962000"",""2563.28099967"",1668168305.7704637,""s"",""l"",""""],[""0.38961000"",""433.58241782"",1668168305.7708027,""s"",""l"",""""],[""0.3892200'"
416,"b'0"",""168.12897568"",1668168446.049421,""s"",""m"",""""],[""0.38878000"",""348.09000000"",1668168496.8120823,""s"",""l"",""""],[""0.38874000"",""335.2'"
417,"b'6647000"",1668168568.824081,""b"",""l"",""""],[""0.38882000"",""512.00000000"",1668168632.3029459,""s"",""m"",""""],[""0.38879000"",""488.00000000"",'"
418,"b'1668168632.3030164,""s"",""m"",""""],[""0.38911000"",""385.50501156"",1668168672.5264575,""b"",""m"",""""],[""0.38899000"",""762.35758000"",16681687'"
419,"b'15.668516,""b"",""l"",""""],[""0.38778000"",""1412.06048585"",1668168904.8098218,""b"",""l"",""""],[""0.38805000"",""256.00000000"",1668168917.60875'"
420,"b'18,""s"",""m"",""""],[""0.38805000"",""47.00000000"",1668168917.6088257,""s"",""m"",""""],[""0.38805000"",""465.00000000"",1668168917.6088645,""s"",""m'"
421,"b'"",""""],[""0.38805000"",""256.00000000"",1668168917.6089392,""s"",""m"",""""],[""0.38802000"",""260.05968309"",1668168917.609,""s"",""m"",""""],[""0.38'"
422,"b'780000"",""219.83717000"",1668168970.2680023,""b"",""l"",""""],[""0.38777000"",""5.00000000"",1668168978.74456,""s"",""l"",""""],[""0.38690000"",""100'"
423,"b'0.00000000"",1668168992.8114958,""s"",""m"",""""],[""0.38680000"",""906.09383000"",1668169072.3981376,""b"",""l"",""""],[""0.38710000"",""19.0000000'"
424,"b'0"",1668169101.7415175,""s"",""l"",""""],[""0.38719000"",""85.29319000"",1668169106.353863,""b"",""l"",""""],[""0.38698000"",""256.00000000"",1668169'"
425,"b'391.6937258,""b"",""l"",""""],[""0.38698000"",""3.09762778"",1668169391.6937783,""b"",""l"",""""],[""0.38668000"",""20.00000000"",1668169652.5070488'"
426,"b',""s"",""l"",""""],[""0.38684000"",""252.90237222"",1668169655.692674,""b"",""l"",""""],[""0.38687000"",""157.61806291"",1668169655.6927571,""b"",""l"",'"
427,"b'""""],[""0.38713000"",""36.41303000"",1668169868.6391592,""b"",""l"",""""],[""0.38713000"",""0.00000869"",1668169876.6293828,""b"",""m"",""""],[""0.387'"
428,"b'73000"",""2798.92536174"",1668169876.629526,""b"",""m"",""""],[""0.38774000"",""1029.07462957"",1668169876.6296217,""b"",""m"",""""],[""0.38814000"",'"
429,"b'""198.37180544"",1668169950.582726,""b"",""m"",""""],[""0.38803000"",""22.82138000"",1668170015.96502,""s"",""l"",""""],[""0.38766000"",""58.47843000'"
430,"b'"",1668170121.7508914,""s"",""l"",""""],[""0.38768000"",""30.06415000"",1668170152.9421399,""s"",""l"",""""],[""0.38797000"",""1030.98097840"",166817'"
431,"b'0450.2700708,""b"",""m"",""""],[""0.38891000"",""3765.99999999"",1668170647.5185335,""s"",""l"",""""],[""0.38847000"",""4.05968309"",1668170659.4091'"
432,"b'62,""b"",""m"",""""],[""0.38847000"",""22.82138000"",1668170659.4092352,""b"",""m"",""""],[""0.38847000"",""997.11893691"",1668170659.409282,""b"",""m""'"
433,"b',""""],[""0.38849000"",""260.05968309"",1668170659.4093218,""b"",""m"",""""],[""0.38853000"",""22.82138000"",1668170659.4093509,""b"",""m"",""""],[""0.'"
434,"b'38853000"",""1266.92276158"",1668170659.4093862,""b"",""m"",""""],[""0.38892000"",""83.89099673"",1668170707.546106,""b"",""l"",""""],[""0.38892000""'"
435,"b',""516.10900327"",1668170943.1430025,""b"",""l"",""""],[""0.38969000"",""14.78060046"",1668171085.9678059,""s"",""l"",""""],[""0.38963000"",""396.113'"
436,"b'93057"",1668171086.1191425,""s"",""l"",""""],[""0.38963000"",""1520.11061356"",1668171086.3444972,""s"",""l"",""""],[""0.38963000"",""1680.73475403""'"
437,"b',1668171086.982538,""s"",""l"",""""],[""0.38963000"",""411.88096522"",1668171086.9843683,""s"",""l"",""""],[""0.38916000"",""329.37610000"",16681711'"
438,"b'13.6951704,""b"",""m"",""""],[""0.39015000"",""115.63102431"",1668171174.3239179,""b"",""l"",""""],[""0.39015000"",""1497.29710428"",1668171174.3565'"
439,"b'097,""b"",""l"",""""],[""0.39015000"",""591.87842322"",1668171174.3952508,""b"",""l"",""""],[""0.39123000"",""25.55910543"",1668171288.172084,""b"",""m'"
440,"b'"",""""],[""0.39123000"",""200.00000000"",1668171288.1727846,""b"",""m"",""""],[""0.39043000"",""100.38730000"",1668171370.5689473,""s"",""l"",""""],[""'"
441,"b'0.39045000"",""2557.44664526"",1668171375.32903,""s"",""m"",""""],[""0.39044000"",""5817.85708288"",1668171375.3291173,""s"",""m"",""""],[""0.390360'"
442,"b'00"",""232.06606412"",1668171375.329213,""s"",""m"",""""],[""0.39035000"",""5050.00000000"",1668171375.3292835,""s"",""m"",""""],[""0.39026000"",""119'"
443,"b'40.42693365"",1668171375.3293645,""s"",""m"",""""],[""0.39091000"",""525.00121000"",1668171417.3732002,""s"",""l"",""""],[""0.39113000"",""2078.2707'"
444,"b'3484"",1668171507.2199829,""b"",""m"",""""],[""0.39116000"",""926.72926516"",1668171507.2202222,""b"",""m"",""""],[""0.39109000"",""68.13502506"",166'"
445,"b'8171512.9159324,""b"",""m"",""""],[""0.39116000"",""37.00000000"",1668171609.822305,""b"",""m"",""""],[""0.39148000"",""39.31071804"",1668171658.425'"
446,"b'3697,""b"",""l"",""""],[""0.39228000"",""36.48794957"",1668171701.154086,""b"",""l"",""""],[""0.39259000"",""591.87842322"",1668171856.885012,""b"",""l'"
447,"b'"",""""],[""0.39259000"",""3405.73248969"",1668171857.7147045,""b"",""l"",""""],[""0.39259000"",""1182.38908709"",1668171857.720405,""b"",""l"",""""],['"
448,"b'""0.39353000"",""36.53370154"",1668171891.3340855,""b"",""l"",""""],[""0.39418000"",""421.73299400"",1668171905.0108485,""s"",""l"",""""],[""0.393700'"
449,"b'00"",""232.18268720"",1668171988.810427,""b"",""l"",""""],[""0.39370000"",""1036.85284579"",1668171988.8105402,""b"",""l"",""""],[""0.39365000"",""271'"
450,"b'.97515563"",1668172033.2305617,""b"",""l"",""""],[""0.39368000"",""525.45327225"",1668172067.3794827,""s"",""l"",""""],[""0.39367000"",""66.42515097'"
451,"b'"",1668172067.379608,""s"",""l"",""""],[""0.39263000"",""14.00000000"",1668172095.0771456,""s"",""l"",""""],[""0.39264000"",""140.18889600"",16681720'"
452,"b'95.670303,""b"",""l"",""""],[""0.39250000"",""140.20291700"",1668172102.4191015,""b"",""l"",""""],[""0.39266000"",""1930.93438610"",1668172132.06579'"
453,"b'61,""s"",""l"",""""],[""0.39266000"",""1000.00000000"",1668172132.164211,""s"",""l"",""""],[""0.39266000"",""1000.00000000"",1668172132.197987,""s"",""'"
454,"b'l"",""""],[""0.39266000"",""5082.90746892"",1668172132.2072237,""s"",""l"",""""],[""0.39212000"",""1756.40202500"",1668172151.2763548,""s"",""l"",""""]'"
455,"b',[""0.39266000"",""85.96522000"",1668172276.6189973,""s"",""l"",""""],[""0.39274000"",""297.41524250"",1668172277.6528146,""b"",""l"",""""],[""0.3927'"
456,"b'5000"",""1489.76574883"",1668172305.3700426,""b"",""l"",""""],[""0.39275000"",""375.53486490"",1668172305.3701663,""b"",""l"",""""],[""0.39275000"",""'"
457,"b'2259.28858842"",1668172305.370221,""b"",""l"",""""],[""0.39275000"",""591.87842322"",1668172305.3730416,""b"",""l"",""""],[""0.39275000"",""348.2338'"
458,"b'8123"",1668172305.3734705,""b"",""l"",""""],[""0.39275000"",""911.15371691"",1668172305.4473596,""b"",""l"",""""],[""0.39275000"",""112.84628309"",16'"
459,"b'68172305.447458,""b"",""l"",""""],[""0.39275000"",""4296.57823000"",1668172305.4505494,""b"",""l"",""""],[""0.39275000"",""1354.52010943"",166817230'"
460,"b'5.451492,""b"",""l"",""""],[""0.39293000"",""659.00000000"",1668172414.7715697,""b"",""m"",""""],[""0.39277000"",""147.21340000"",1668172419.8264453'"
461,"b',""s"",""l"",""""],[""0.39277000"",""22.82138000"",1668172419.8265047,""s"",""l"",""""],[""0.39277000"",""256.00000000"",1668172419.8265448,""s"",""l"",'"
462,"b'""""],[""0.39276000"",""2915.01058419"",1668172419.826587,""s"",""l"",""""],[""0.39270000"",""1311.87539581"",1668172419.8266547,""s"",""l"",""""],[""0'"
463,"b'.39360000"",""7625.28783712"",1668172573.6623316,""b"",""m"",""""],[""0.39371000"",""874.71216288"",1668172573.6624086,""b"",""m"",""""],[""0.393830'"
464,"b'00"",""36.46735262"",1668172583.3759346,""b"",""l"",""""],[""0.39442000"",""2991.78314212"",1668172625.5285597,""b"",""m"",""""],[""0.39443000"",""256'"
465,"b'.00000000"",1668172625.528629,""b"",""m"",""""],[""0.39443000"",""256.00000000"",1668172625.52869,""b"",""m"",""""],[""0.39444000"",""1024.00000000""'"
466,"b',1668172625.5287352,""b"",""m"",""""],[""0.39446000"",""240.45563980"",1668172625.5289824,""b"",""m"",""""],[""0.39447000"",""2831.76121808"",166817'"
467,"b'2625.5290656,""b"",""m"",""""],[""0.39377000"",""253.95535465"",1668172806.1920316,""b"",""m"",""""],[""0.39452000"",""237.75859141"",1668172873.009'"
468,"b'5367,""b"",""l"",""""]],""last"":""1668172873009536646""}}'"
